[
    {
        "question": "A flashing red traffic light signifies that a driver should do what?",
        "options": [
            "stop",
            "speed up",
            "proceed with caution",
            "honk the horn"
        ],
       "correct": "stop",
       "id": "0"
    },
    {
        "question": "A knish is traditionally stuffed with what filling?",
        "options": [
            "potato",
            "creamed corn",
            "lemon custard",
            "raspberry jelly"
        ],
       "correct": "potato",
       "id": "1"
    },
    {
        "question": "A pita is a type of what?",
        "options": [
            "fresh fruit",
            "flat bread",
            "French tart",
            "friend bean dip"
        ],
       "correct": "flat bread",
       "id": "2"
    },
    {
        "question": "A portrait that comically exaggerates a person's physical traits is called a what?",
        "options": [
            "landscape",
            "caricature",
            "still life",
            "Impressionism"
        ],
       "correct": "caricature",
       "id": "3"
    },
    {
        "question": "A second-year college student is usually called a what?",
        "options": [
            "sophomore",
            "senior",
            "freshman ",
            "junior "
        ],
       "correct": "sophomore",
       "id": "4"
    },
    {
        "question": "A student who earns a J.D. can begin his or her career as a what?",
        "options": [
            "lawyer",
            "bricklayer",
            "doctor",
            "accountant"
        ],
       "correct": "lawyer",
       "id": "5"
    },
    {
        "question": "A triptych is a work of art that is painted on how many panels?",
        "options": [
            "two",
            "three",
            "five",
            "eight"
        ],
       "correct": "three",
       "id": "6"
    },
    {
        "question": "According to a famous line from the existentialist play 'No Exit' what is hell?",
        "options": [
            "oneself",
            "other people",
            "little made large",
            "hued in green and blue"
        ],
       "correct": "other people",
       "id": "7"
    },
    {
        "question": "According to a popular slogan, what state should people not 'mess with'?",
        "options": [
            "New York",
            "Texas",
            "Montana",
            "Rhode Island"
        ],
       "correct": "Texas",
       "id": "8"
    },
    {
        "question": "According to a Yale University study, what smell is the most recognizable to American adults?",
        "options": [
            "tuna",
            "laundry",
            "popcorn",
            "coffee"
        ],
       "correct": "coffee",
       "id": "9"
    },
    {
        "question": "According to folklore, the 'jackalope' is an antlered version of what animal?",
        "options": [
            "chicken",
            "rabbit",
            "moose",
            "snake"
        ],
       "correct": "rabbit",
       "id": "10"
    },
    {
        "question": "According to Greek mythology, who was Apollo's twin sister?",
        "options": [
            "Aphrodite",
            "Artemis",
            "Venus",
            "Athena"
        ],
       "correct": "Artemis",
       "id": "11"
    },
    {
        "question": "According to legend, if you give someone the 'evil eye' what are you doing?",
        "options": [
            "cursing them",
            "blessing a child",
            "counting money",
            "passing time"
        ],
       "correct": "cursing them",
       "id": "12"
    },
    {
        "question": "According to legend, in what country are you most likely to meet a leprechaun?",
        "options": [
            "Ireland",
            "Poland",
            "Greenland",
            "Scotland"
        ],
       "correct": "Ireland",
       "id": "13"
    },
    {
        "question": "According to the American Kennel Club, what is the most popular breed of dog in the US as of 1999?",
        "options": [
            "Poodle",
            "Beagle",
            "German shepherd",
            "Labrador retriever"
        ],
       "correct": "Labrador retriever",
       "id": "14"
    },
    {
        "question": "According to the Bible, Moses and Aaron had a sister named what?",
        "options": [
            "Jochebed",
            "Ruth",
            "Leah",
            "Miriam"
        ],
       "correct": "Miriam",
       "id": "15"
    },
    {
        "question": "According to the children's nursery rhyme, what type of ocean did Columbus sail in 1492?",
        "options": [
            "calm",
            "blue",
            "windy",
            "really big"
        ],
       "correct": "blue",
       "id": "16"
    },
    {
        "question": "According to the Mother Goose nursery rhyme, which child is full of woe?",
        "options": [
            "Monday's child",
            "Wednesday's child",
            "Thursday's child",
            "Saturday's child"
        ],
       "correct": "Wednesday's child",
       "id": "17"
    },
    {
        "question": "According to the popular saying, what should you do 'when in Rome'?",
        "options": [
            "watch your wallet",
            "see the Coliseum",
            "as the Romans do",
            "don't drink the water"
        ],
       "correct": "as the Romans do",
       "id": "18"
    },
    {
        "question": "According to the proverb, necessity is the mother of what?",
        "options": [
            "Invention",
            "Luck",
            "Problems",
            "Procrastination"
        ],
       "correct": "Invention",
       "id": "19"
    },
    {
        "question": "According to the title of a popular children's TV show, what color is Bear's big house?",
        "options": [
            "red",
            "green",
            "purple",
            "blue"
        ],
       "correct": "blue",
       "id": "20"
    },
    {
        "question": "According to the USDA, which food group should you eat the most servings of per day?",
        "options": [
            "vegetables",
            "dairy",
            "meats",
            "breads"
        ],
       "correct": "breads",
       "id": "21"
    },
    {
        "question": "Ada Lovelace is credited with being the first person to have made what?",
        "options": [
            "a computer program",
            "a souffle",
            "a brassiere",
            "a mystery novel"
        ],
       "correct": "a computer program",
       "id": "22"
    },
    {
        "question": "After Prince Charles, who is next in line to be the king of England?",
        "options": [
            "Prince William",
            "Prince Andrew",
            "Prince Edward",
            "Fresh Prince"
        ],
       "correct": "Prince William",
       "id": "23"
    },
    {
        "question": "An airplane's black box is usually what color?",
        "options": [
            "black",
            "white",
            "orange",
            "purple"
        ],
       "correct": "orange",
       "id": "24"
    },
    {
        "question": "As of 1999, which state has the most Girl Scouts?",
        "options": [
            "California",
            "Illinois",
            "New York",
            "Pennsylvania"
        ],
       "correct": "California",
       "id": "25"
    },
    {
        "question": "Astronaut John Glenn served as a pilot in what branch of the military?",
        "options": [
            "Army",
            "Air Force",
            "Marines",
            "Navy"
        ],
       "correct": "Marines",
       "id": "26"
    },
    {
        "question": "At the equator, how fast is the earth's surface turning?",
        "options": [
            "about 100 miles per hour",
            "about 500 miles per hour",
            "about 1000 miles per hour",
            "about 2000 miles per hour"
        ],
       "correct": "about 1000 miles per hour",
       "id": "27"
    },
    {
        "question": "At what age can someone first attend an R-rated movie without an accompanying adult?",
        "options": [
            "15",
            "17",
            "18",
            "21"
        ],
       "correct": "18",
       "id": "28"
    },
    {
        "question": "Backgammon is a how many player game?",
        "options": [
            "Two",
            "Three",
            "Four",
            "Six"
        ],
       "correct": "Two",
       "id": "29"
    },
    {
        "question": "Before he went into coaching, Phil Jackson played for which of the following NBA teams?",
        "options": [
            "Boston Celtics",
            "Los Angeles Lakers",
            "New York Knicks",
            "Philadelphia 76ers"
        ],
       "correct": "New York Knicks",
       "id": "30"
    },
    {
        "question": "By what name is Bob Keeshan better known?",
        "options": [
            "Bozo the Clown",
            "Pee Wee Herman",
            "Captain Kangaroo",
            "Buffalo Bob"
        ],
       "correct": "Captain Kangaroo",
       "id": "31"
    },
    {
        "question": "By what collective name do Christians refer to God the Father, God the Son and the Holy Ghost?",
        "options": [
            "the Trio",
            "the Troika",
            "the Triumvirate",
            "the Trinity"
        ],
       "correct": "the Trinity",
       "id": "32"
    },
    {
        "question": "By what nickname is the Federal National Mortgage Association known?",
        "options": [
            "Morty",
            "FEMA",
            "Freddie Mac",
            "Fannie Mae"
        ],
       "correct": "Fannie Mae",
       "id": "33"
    },
    {
        "question": "Cheddar cheese got its name from a village in what country?",
        "options": [
            "England",
            "France",
            "Switzerland",
            "Denmark"
        ],
       "correct": "England",
       "id": "34"
    },
    {
        "question": "Cheese is a necessary ingredient in which of these dishes?",
        "options": [
            "sushi",
            "french fries",
            "veal parmigiano",
            "chicken pot pie"
        ],
       "correct": "veal parmigiano",
       "id": "35"
    },
    {
        "question": "During what war did Francis Scott Key write the words to 'The Star-Spangled Banner'?",
        "options": [
            "American Revolution",
            "War of 1812",
            "Civil War",
            "World War I"
        ],
       "correct": "War of 1812",
       "id": "36"
    },
    {
        "question": "During which war did US troops fight the Battle of New Orleans?",
        "options": [
            "American Revolution",
            "Civil War",
            "Mexican War",
            "War of 1812"
        ],
       "correct": "War of 1812",
       "id": "37"
    },
    {
        "question": "Each year in pro baseball, the player voted as the best fielder at his position wins what?",
        "options": [
            "a brand new car",
            "the Gold Glove",
            "the Silver Bat",
            "the Brass Baseball"
        ],
       "correct": "the Gold Glove",
       "id": "38"
    },
    {
        "question": "Elephant tusks are made of what material?",
        "options": [
            "coral",
            "ivory",
            "bone",
            "calcium"
        ],
       "correct": "ivory",
       "id": "39"
    },
    {
        "question": "Excluding wisdom teeth, how many adult teeth do humans have?",
        "options": [
            "28",
            "32",
            "35",
            "40"
        ],
       "correct": "28",
       "id": "40"
    },
    {
        "question": "For a man and woman on a date, 'dutch treat' means what?",
        "options": [
            "the man pays",
            "the woman pays",
            "the Dutch pay",
            "each pays their own way"
        ],
       "correct": "each pays their own way",
       "id": "41"
    },
    {
        "question": "For what purpose would you use an awl?",
        "options": [
            "to shoot ducks",
            "to polish floors",
            "to make holes",
            "to weigh fruit"
        ],
       "correct": "to make holes",
       "id": "42"
    },
    {
        "question": "From 1971 to 1997, the Democratic Republic of Congo was known as what?",
        "options": [
            "Zaire",
            "Angola",
            "Rhodesia",
            "Belgian Congo"
        ],
       "correct": "Zaire",
       "id": "43"
    },
    {
        "question": "From what language does the term 'R.S.V.P.' originate?",
        "options": [
            "Russian",
            "Italian",
            "Portuguese",
            "French"
        ],
       "correct": "French",
       "id": "44"
    },
    {
        "question": "From whom does the Lutheran Church get its name?",
        "options": [
            "Martin Luther King Jr",
            "Martin Luther",
            "Luther Vandross",
            "Lex Luthor"
        ],
       "correct": "Martin Luther",
       "id": "45"
    },
    {
        "question": "Gerry Adams is the president of what organization?",
        "options": [
            "Greenpeace",
            "NASCAR",
            "Sinn Fein",
            "PLO"
        ],
       "correct": "Sinn Fein",
       "id": "46"
    },
    {
        "question": "Girls of what religious community traditionally wear bonnets?",
        "options": [
            "Amish",
            "Sikh",
            "Roman Catholic",
            "Christian"
        ],
       "correct": "Amish",
       "id": "47"
    },
    {
        "question": "How are actors Charlie Sheen and Emilio Estevez related?",
        "options": [
            "they're cousins",
            "they're brothers",
            "they're father and son",
            "they're uncle and nephew"
        ],
       "correct": "they're brothers",
       "id": "48"
    },
    {
        "question": "How do you express 3/4 as a decimal?",
        "options": [
            ".25",
            ".50",
            ".75",
            ".90"
        ],
       "correct": ".75",
       "id": "49"
    },
    {
        "question": "How is 4:00 pm expressed in military time?",
        "options": [
            "1600",
            "004",
            "0400 ",
            "4:00"
        ],
       "correct": "1600",
       "id": "50"
    },
    {
        "question": "How is the Arabic numeral for '2' written?",
        "options": [
            "2",
            "II",
            "I",
            "ii"
        ],
       "correct": "2",
       "id": "51"
    },
    {
        "question": "How is the word 'ambulance' normally written on the front of American ambulances?",
        "options": [
            "in French",
            "in reverse",
            "in braille",
            "in gibberish"
        ],
       "correct": "in reverse",
       "id": "52"
    },
    {
        "question": "How long is a single term in the US Senate?",
        "options": [
            "two years",
            "four years",
            "six years",
            "eight years"
        ],
       "correct": "six years",
       "id": "53"
    },
    {
        "question": "How long is the time on an NBA shot clock?",
        "options": [
            "18 seconds",
            "24 seconds",
            "30 seconds",
            "35 seconds"
        ],
       "correct": "24 seconds",
       "id": "54"
    },
    {
        "question": "How many $100 bills does it take to equal one million dollars?",
        "options": [
            "one thousand",
            "five thousand",
            "ten thousand",
            "one hundred thousand"
        ],
       "correct": "ten thousand",
       "id": "55"
    },
    {
        "question": "How many axles does a standard automobile have?",
        "options": [
            "one",
            "two",
            "four",
            "eight"
        ],
       "correct": "two",
       "id": "56"
    },
    {
        "question": "How many digits are in a standard Visa credit card number?",
        "options": [
            "12",
            "15",
            "16",
            "20"
        ],
       "correct": "16",
       "id": "57"
    },
    {
        "question": "How many eyes does a Giraffe have?",
        "options": [
            "one",
            "two",
            "three",
            "four"
        ],
       "correct": "two",
       "id": "58"
    },
    {
        "question": "How many innings are there in a regular Major League Baseball game?",
        "options": [
            "seven",
            "eight",
            "nine",
            "ten"
        ],
       "correct": "nine",
       "id": "59"
    },
    {
        "question": "How many keys are on a standard piano?",
        "options": [
            "20",
            "54",
            "88",
            "100"
        ],
       "correct": "88",
       "id": "60"
    },
    {
        "question": "How many men has actress Elizabeth Taylor been divorced from?",
        "options": [
            "five",
            "six",
            "seven",
            "eight"
        ],
       "correct": "seven",
       "id": "61"
    },
    {
        "question": "How many ounces are in a pound?",
        "options": [
            "4",
            "12",
            "16",
            "32"
        ],
       "correct": "16",
       "id": "62"
    },
    {
        "question": "How many periods are there in an ice hockey game?",
        "options": [
            "One",
            "Two",
            "Three",
            "Four"
        ],
       "correct": "Three",
       "id": "63"
    },
    {
        "question": "How many quarts are there in a gallon?",
        "options": [
            "one",
            "two",
            "three",
            "four"
        ],
       "correct": "four",
       "id": "64"
    },
    {
        "question": "How many ribs are there in the human body?",
        "options": [
            "18",
            "24",
            "30",
            "42"
        ],
       "correct": "24",
       "id": "65"
    },
    {
        "question": "How many ships did Columbus set sail with on his initial voyage to the New World?",
        "options": [
            "Two",
            "Three",
            "Five",
            "Ten"
        ],
       "correct": "Three",
       "id": "66"
    },
    {
        "question": "How many spikes are on the Statue of Liberty's crown?",
        "options": [
            "five",
            "seven",
            "nine",
            "thirteen"
        ],
       "correct": "seven",
       "id": "67"
    },
    {
        "question": "How many stars are on the American flag?",
        "options": [
            "13",
            "48",
            "50",
            "51"
        ],
       "correct": "50",
       "id": "68"
    },
    {
        "question": "How many states were in the Confederate States of America?",
        "options": [
            "11",
            "13",
            "16",
            "22"
        ],
       "correct": "11",
       "id": "69"
    },
    {
        "question": "How much does Peanuts character Lucy charge for her psychiatric advice?",
        "options": [
            "5 cents",
            "10 cents",
            "75 cents",
            "$125"
        ],
       "correct": "5 cents",
       "id": "70"
    },
    {
        "question": "How long is Hanukkah?",
        "options": [
            "one day",
            "five days",
            "eight days",
            "two weeks"
        ],
       "correct": "eight days",
       "id": "71"
    },
    {
        "question": "Huffy, Schwinn and Raleigh are all brands of what?",
        "options": [
            "sportswear",
            "dishwashers",
            "cigarettes",
            "bicycles"
        ],
       "correct": "bicycles",
       "id": "72"
    },
    {
        "question": "If a business files under Chapter 11 what is it doing?",
        "options": [
            "declaring bankruptcy",
            "selling stock",
            "buying a smaller",
            "company suing the government"
        ],
       "correct": "declaring bankruptcy",
       "id": "73"
    },
    {
        "question": "If a piece of music is in 'common time' how many quarter notes are there per measure?",
        "options": [
            "one",
            "four",
            "five",
            "ten"
        ],
       "correct": "four",
       "id": "74"
    },
    {
        "question": "If a ring has the number 925 stamped into it, it is most likely made of what material?",
        "options": [
            "platinum",
            "gold",
            "steel",
            "silver"
        ],
       "correct": "silver",
       "id": "75"
    },
    {
        "question": "If Christmas Day is on a Saturday, then the following New Year's Day falls on what day of the week?",
        "options": [
            "Sunday",
            "Monday",
            "Friday",
            "Saturday"
        ],
       "correct": "Saturday",
       "id": "76"
    },
    {
        "question": "If someone has cataracts, what part of their body might need an operation?",
        "options": [
            "ear",
            "hand",
            "eye",
            "knee"
        ],
       "correct": "eye",
       "id": "77"
    },
    {
        "question": "If you are 'riding fakie' inside a 'half pipe' what are you probably doing?",
        "options": [
            "skiing",
            "biking",
            "snowboarding",
            "surfing"
        ],
       "correct": "snowboarding",
       "id": "78"
    },
    {
        "question": "If you are truly afraid of the dark, what do you suffer from?",
        "options": [
            "hypnophobia",
            "cryptophobia",
            "hadephobia",
            "nyctophobia"
        ],
       "correct": "nyctophobia",
       "id": "79"
    }
]